article,title,change,words_before,words_after,words_changed,amending_act,amending_act_celex,in_force,diff,url_enacted,url_consolidated
1,Subject matter',amended,155,164,10,Regulation (EU) 2026/1744 (Digital Omnibus on AI),32026R1744,2026-07-27,"[{""op"": ""replace"", ""before"": ""SMEs,"", ""after"": ""small mid-cap enterprises (SMCs) and small and medium-sized enterprises (SMEs),""}]",https://eur-lex.europa.eu/eli/reg/2024/1689/oj/eng#art_1,https://eur-lex.europa.eu/eli/reg/2024/1689/2026-07-27/eng#art_1
2,Scope,amended,763,763,222,Regulation (EU) 2026/1744 (Digital Omnibus on AI),32026R1744,2026-07-27,"[{""op"": ""insert"", ""before"": """", ""after"": ""Article 60a and""}, {""op"": ""replace"", ""before"": ""109"", ""after"": ""112 shall apply. Articles 57, 58""}, {""op"": ""replace"", ""before"": ""Article 112 apply. Article 57 applies"", ""after"": ""59 shall apply""}, {""op"": ""delete"", ""before"": ""This Regulation does not apply to AI systems where and in so far they are placed on the market, put into service, or used with or without modification exclusively for military, defence or national security purposes, regardless of the type of entity carrying out those activities. This Regulation does not apply to AI systems which are not placed on the market or put into service in the Union, where the output is used in the Union exclusively for military, defence or national security purposes, regardless of the type of entity carrying out those activities."", ""after"": """"}, {""op"": ""replace"", ""before"": ""This"", ""after"": ""Without prejudice to Articles 4a and 59 of this Regulation, this""}, {""op"": ""replace"", ""before"": ""2016/680, without prejudice to Article 10(5) and Article 59 of this Regulation."", ""after"": ""2016/680.""}, {""op"": ""insert"", ""before"": """", ""after"": ""13. For high-risk AI systems referred to in Article 6(1), the application of specific requirements or obligations laid down in Articles 9 to 15 and 17 to 25 may be limited, where and to the extent that: (a) Union harmonisation legislation listed in Section A of Annex I lays down requirements or obligations providing an equivalent or higher level of protection of health, safety or fundamental rights as the requirement or obligation concerned; and (b) such limitation does not reduce the overall level of protection provided for by this Regulation.""}]",https://eur-lex.europa.eu/eli/reg/2024/1689/oj/eng#art_2,https://eur-lex.europa.eu/eli/reg/2024/1689/2026-07-27/eng#art_2
3,Definitions,amended,2897,2698,357,Regulation (EU) 2026/1744 (Digital Omnibus on AI),32026R1744,2026-07-27,"[{""op"": ""insert"", ""before"": """", ""after"": ""for the purposes of this definition, a component fulfils a safety function where its intended purpose is to prevent or mitigate risks to health and safety of persons or property; (14a) ‘micro, small and medium-sized enterprise’ or ‘SME’ means a micro, small or medium-sized enterprise as defined in Article 2 of the Annex to Recommendation 2003/361/EC; (14b) ‘small mid-cap enterprise’ or ‘SMC’ means a small mid-cap enterprise as defined in point (2) of the Annex to Recommendation (EU) 2025/1099;""}, {""op"": ""delete"", ""before"": ""(a) any public authority competent for the prevention, investigation, detection or prosecution of criminal offences or the execution of criminal penalties, including the safeguarding against and the prevention of threats to public security; or (b) any other body or entity entrusted by Member State law to exercise public authority and public powers for the purposes of the prevention, investigation, detection or prosecution of criminal offences or the execution of criminal penalties, including the safeguarding against and the prevention of threats to public security;"", ""after"": """"}, {""op"": ""delete"", ""before"": ""(a) the death of a person, or serious harm to a person’s health; (b) a serious and irreversible disruption of the management or operation of critical infrastructure; (c) the infringement of obligations under Union law intended to protect fundamental rights; (d) serious harm to property or the environment;"", ""after"": """"}, {""op"": ""delete"", ""before"": ""(a) has harmed or is likely to harm the collective interests of individuals residing in at least two Member States other than the Member State in which: (i) the act or omission originated or took place; (ii) the provider concerned, or, where applicable, its authorised representative is located or established; or (iii) the deployer is established, when the infringement is committed by the deployer; (i) the act or omission originated or took place; (ii) the provider concerned, or, where applicable, its authorised representative is located or established; or (iii) the deployer is established, whe"", ""after"": """"}]",https://eur-lex.europa.eu/eli/reg/2024/1689/oj/eng#art_3,https://eur-lex.europa.eu/eli/reg/2024/1689/2026-07-27/eng#art_3
4,AI literacy,amended,77,188,124,Regulation (EU) 2026/1744 (Digital Omnibus on AI),32026R1744,2026-07-27,"[{""op"": ""insert"", ""before"": """", ""after"": ""1.""}, {""op"": ""replace"", ""before"": ""ensure, to their best extent, a sufficient level"", ""after"": ""support the development""}, {""op"": ""insert"", ""before"": """", ""after"": ""This obligation does not require providers or deployers to guarantee any specific level of AI literacy of any individual. 2. The Commission and the Member States shall support and facilitate the efforts of providers and deployers of AI systems, in particular SMEs, in fulfilling their obligation under paragraph 1 of this Article. For that purpose, the Commission shall publish practical examples of how to comply with that obligation on the single information platform referred to in Article 62(3), point (b). 3. The Board shall adopt recommendations, taking into account European competence framewo""}]",https://eur-lex.europa.eu/eli/reg/2024/1689/oj/eng#art_4,https://eur-lex.europa.eu/eli/reg/2024/1689/2026-07-27/eng#art_4
4a,Processing of special categories of personal data for bias detection and correction,inserted,0,382,382,Regulation (EU) 2026/1744 (Digital Omnibus on AI),32026R1744,2026-07-27,,,https://eur-lex.europa.eu/eli/reg/2024/1689/2026-07-27/eng#art_4a
5,Prohibited AI practices,amended,1933,1766,750,Regulation (EU) 2026/1744 (Digital Omnibus on AI),32026R1744,2026-07-27,"[{""op"": ""insert"", ""before"": """", ""after"": ""(ba) the placing on the market, the putting into service or the use of an AI system that generates or manipulates realistic images, videos, audio or similar material of an identifiable natural person’s intimate parts, or of an identifiable natural person engaged in sexually explicit activities, without that person’s freely-given, specific, informed, unambiguous and explicit consent for that generation or manipulation; (bb) the placing on the market, the putting into service or the use of an AI system that generates or manipulates material or performance within the meaning of Article 2, points ""}, {""op"": ""delete"", ""before"": ""(i) detrimental or unfavourable treatment of certain natural persons or groups of persons in social contexts that are unrelated to the contexts in which the data was originally generated or collected; (ii) detrimental or unfavourable treatment of certain natural persons or groups of persons that is unjustified or disproportionate to their social behaviour or its gravity;"", ""after"": """"}, {""op"": ""insert"", ""before"": """", ""after"": ""1a. For the purposes of paragraph 1, first subparagraph, points (ba) and (bb): (a) the placing on the market or putting into service of an AI system that generates or manipulates the material or performance referred to in paragraph 1, first subparagraph, point (ba) or (bb) is only prohibited where:""}, {""op"": ""insert"", ""before"": """", ""after"": ""that generation or manipulation is""}, {""op"": ""replace"", ""before"": ""targeted search for specific victims"", ""after"": ""intended purpose""}, {""op"": ""replace"", ""before"": ""abduction, trafficking in human beings"", ""after"": ""the AI system;""}, {""op"": ""delete"", ""before"": ""sexual exploitation of human beings, as well as the search for missing persons;"", ""after"": """"}, {""op"": ""replace"", ""before"": ""prevention"", ""after"": ""system’s design, training, architecture, capabilities or user-facing functionalities make that generation or manipulation a reasonably foreseeable and reproducible outcome, without requiring significant technical modification, and the system does not have reasonable and adequate technical safety measures and other safeguards to reliably prevent that generation or manipulation, taking into account reasonably foreseeable misuse, and to correct observed or reported misuse; (b) the use""}, {""op"": ""replace"", ""before"": ""a specific, substantial"", ""after"": ""an AI system that generates or manipulates the material or performance referred to in paragraph 1, first subparagraph, points (ba)""}, {""op"": ""replace"", ""before"": ""imminent threat to"", ""after"": ""(bb) is only prohibited where""}, {""op"": ""replace"", ""before"": ""life or physical safety of natural persons or a genuine and present or genuine and foreseeable threat of a terrorist attack; (iii)"", ""after"": ""deployer uses""}, {""op"": ""replace"", ""before"": ""localisation or identification of a person suspected of having committed a criminal offence,"", ""after"": ""system""}, {""op"": ""replace"", ""before"": ""conducting"", ""after"": ""generating or manipulating such material or performance. 1b. For the purposes of paragraph 1, first subparagraph, point (ba), an AI system that manipulates material in""}, {""op"": ""replace"", ""before"": ""criminal investigation"", ""after"": ""way that does not increase the exposure of any depicted intimate parts""}, {""op"": ""replace"", ""before"": ""prosecution or executing a criminal penalty for offences referred to in Annex II and punishable in"", ""after"": ""alter""}, {""op"": ""replace"", ""before"": ""Member State concerned by a custodial sentence or a detention order for a maximum period"", ""after"": ""nature""}, {""op"": ""replace"", ""before"": ""at least four years. Point (h) of the first subparagraph is without prejudice to Article 9 of Regulation (EU) 2016/679 for the processing of biometric data for purposes other than law enforcement."", ""after"": ""any depicted sexually explicit activities shall not constitute manipulation.""}, {""op"": ""delete"", ""before"": ""In addition, the use of ‘real-time’ remote biometric identification systems in publicly accessible spaces for the purposes of law enforcement for any of the objectives referred to in paragraph 1, first subparagraph, point (h), of this Article shall comply with necessary and proportionate safeguards and conditions in relation to the use in accordance with the national law authorising the use thereof, in particular as regards the temporal, geographic and personal limitations. The use of the ‘real-time’ remote biometric identification system in publicly accessible spaces shall be authorised only "", ""after"": """"}, {""op"": ""delete"", ""before"": ""The competent judicial authority or an independent administrative authority whose decision is binding shall grant the authorisation only where it is satisfied, on the basis of objective evidence or clear indications presented to it, that the use of the ‘real-time’ remote biometric identification system concerned is necessary for, and proportionate to, achieving one of the objectives specified in paragraph 1, first subparagraph, point (h), as identified in the request and, in particular, remains limited to what is strictly necessary concerning the period of time as well as the geographic and pe"", ""after"": """"}]",https://eur-lex.europa.eu/eli/reg/2024/1689/oj/eng#art_5,https://eur-lex.europa.eu/eli/reg/2024/1689/2026-07-27/eng#art_5
6,Classification rules for high-risk AI systems,amended,659,650,249,Regulation (EU) 2026/1744 (Digital Omnibus on AI),32026R1744,2026-07-27,"[{""op"": ""insert"", ""before"": """", ""after"": ""1a. For the purposes of this Regulation, including paragraph 1 of this Article, AI systems that are solely used for non-safety related aspects of user assistance, performance optimisation, service efficiency, automation or convenience or quality control shall not qualify as safety components. 1b. Notwithstanding paragraph 1a, AI systems the failure or malfunctioning of which would endanger health and safety shall qualify as safety components. 1c. A product that is required to undergo a third-party conformity assessment solely due to risks other than risks to health and safety, in particular ri""}, {""op"": ""delete"", ""before"": ""(a) the AI system is intended to perform a narrow procedural task; (b) the AI system is intended to improve the result of a previously completed human activity; (c) the AI system is intended to detect decision-making patterns or deviations from prior decision-making patterns and is not meant to replace or influence the previously completed human assessment, without proper human review; or (d) the AI system is intended to perform a preparatory task to an assessment relevant for the purposes of the use cases listed in Annex III. The first subparagraph shall apply where any of the following condi"", ""after"": """"}]",https://eur-lex.europa.eu/eli/reg/2024/1689/oj/eng#art_6,https://eur-lex.europa.eu/eli/reg/2024/1689/2026-07-27/eng#art_6
7,Amendments to Annex III,amended,624,592,32,Regulation (EU) 2026/1744 (Digital Omnibus on AI),32026R1744,2026-07-27,"[{""op"": ""delete"", ""before"": ""(i) effective measures of redress in relation to the risks posed by an AI system, with the exclusion of claims for damages; (ii) effective measures to prevent or substantially minimise those risks."", ""after"": """"}]",https://eur-lex.europa.eu/eli/reg/2024/1689/oj/eng#art_7,https://eur-lex.europa.eu/eli/reg/2024/1689/2026-07-27/eng#art_7
9,Risk management system,amended,644,522,122,Regulation (EU) 2026/1744 (Digital Omnibus on AI),32026R1744,2026-07-27,"[{""op"": ""delete"", ""before"": ""(a) elimination or reduction of risks identified and evaluated pursuant to paragraph 2 in as far as technically feasible through adequate design and development of the high-risk AI system; (b) where appropriate, implementation of adequate mitigation and control measures addressing risks that cannot be eliminated; (c) provision of information required pursuant to Article 13 and, where appropriate, training to deployers. In identifying the most appropriate risk management measures, the following shall be ensured: With a view to eliminating or reducing risks related to the use of the high-risk AI"", ""after"": """"}]",https://eur-lex.europa.eu/eli/reg/2024/1689/oj/eng#art_9,https://eur-lex.europa.eu/eli/reg/2024/1689/2026-07-27/eng#art_9
10,Data and data governance,amended,686,410,314,Regulation (EU) 2026/1744 (Digital Omnibus on AI),32026R1744,2026-07-27,"[{""op"": ""replace"", ""before"": ""2 to 5"", ""after"": ""2, 3 and 4 of this Article and in Article 4a(1)""}, {""op"": ""delete"", ""before"": ""5. To the extent that it is strictly necessary for the purpose of ensuring bias detection and correction in relation to the high-risk AI systems in accordance with paragraph (2), points (f) and (g) of this Article, the providers of such systems may exceptionally process special categories of personal data, subject to appropriate safeguards for the fundamental rights and freedoms of natural persons. In addition to the provisions set out in Regulations (EU) 2016/679 and (EU) 2018/1725 and Directive (EU) 2016/680, all the following conditions must be met in order for such processing to occur: (a)"", ""after"": """"}, {""op"": ""replace"", ""before"": ""2 to 5"", ""after"": ""2, 3 and 4 of this Article and Article 4a(1) shall""}]",https://eur-lex.europa.eu/eli/reg/2024/1689/oj/eng#art_10,https://eur-lex.europa.eu/eli/reg/2024/1689/2026-07-27/eng#art_10
11,Technical documentation,amended,297,145,152,Regulation (EU) 2026/1744 (Digital Omnibus on AI),32026R1744,2026-07-27,"[{""op"": ""delete"", ""before"": ""The technical documentation shall be drawn up in such a way as to demonstrate that the high-risk AI system complies with the requirements set out in this Section and to provide national competent authorities and notified bodies with the necessary information in a clear and comprehensive form to assess the compliance of the AI system with those requirements. It shall contain, at a minimum, the elements set out in Annex IV. SMEs, including start-ups, may provide the elements of the technical documentation specified in Annex IV in a simplified manner. To that end, the Commission shall establish a"", ""after"": """"}]",https://eur-lex.europa.eu/eli/reg/2024/1689/oj/eng#art_11,https://eur-lex.europa.eu/eli/reg/2024/1689/2026-07-27/eng#art_11
13,Transparency and provision of information to deployers,amended,672,471,201,Regulation (EU) 2026/1744 (Digital Omnibus on AI),32026R1744,2026-07-27,"[{""op"": ""delete"", ""before"": ""(i) its intended purpose; (ii) the level of accuracy, including its metrics, robustness and cybersecurity referred to in Article 15 against which the high-risk AI system has been tested and validated and which can be expected, and any known and foreseeable circumstances that may have an impact on that expected level of accuracy, robustness and cybersecurity; (iii) any known or foreseeable circumstance, related to the use of the high-risk AI system in accordance with its intended purpose or under conditions of reasonably foreseeable misuse, which may lead to risks to the health and safety or fu"", ""after"": """"}]",https://eur-lex.europa.eu/eli/reg/2024/1689/oj/eng#art_13,https://eur-lex.europa.eu/eli/reg/2024/1689/2026-07-27/eng#art_13
14,Human oversight,amended,508,463,45,Regulation (EU) 2026/1744 (Digital Omnibus on AI),32026R1744,2026-07-27,"[{""op"": ""delete"", ""before"": ""The requirement for a separate verification by at least two natural persons shall not apply to high-risk AI systems used for the purposes of law enforcement, migration, border control or asylum, where Union or national law considers the application of this requirement to be disproportionate."", ""after"": """"}]",https://eur-lex.europa.eu/eli/reg/2024/1689/oj/eng#art_14,https://eur-lex.europa.eu/eli/reg/2024/1689/2026-07-27/eng#art_14
15,"Accuracy, robustness and cybersecurity",amended,352,187,165,Regulation (EU) 2026/1744 (Digital Omnibus on AI),32026R1744,2026-07-27,"[{""op"": ""delete"", ""before"": ""The robustness of high-risk AI systems may be achieved through technical redundancy solutions, which may include backup or fail-safe plans. High-risk AI systems that continue to learn after being placed on the market or put into service shall be developed in such a way as to eliminate or reduce as far as possible the risk of possibly biased outputs influencing input for future operations (feedback loops), and as to ensure that any such feedback loops are duly addressed with appropriate mitigation measures."", ""after"": """"}, {""op"": ""delete"", ""before"": ""The technical solutions aiming to ensure the cybersecurity of high-risk AI systems shall be appropriate to the relevant circumstances and the risks. The technical solutions to address AI specific vulnerabilities shall include, where appropriate, measures to prevent, detect, respond to, resolve and control for attacks trying to manipulate the training data set (data poisoning), or pre-trained components used in training (model poisoning), inputs designed to cause the AI model to make a mistake (adversarial examples or model evasion), confidentiality attacks or model flaws."", ""after"": """"}]",https://eur-lex.europa.eu/eli/reg/2024/1689/oj/eng#art_15,https://eur-lex.europa.eu/eli/reg/2024/1689/2026-07-27/eng#art_15
17,Quality management system,amended,546,560,15,Regulation (EU) 2026/1744 (Digital Omnibus on AI),32026R1744,2026-07-27,"[{""op"": ""replace"", ""before"": ""organisation."", ""after"": ""organisation, in particular, if the provider is an SME, including a start-up, or an SMC.""}]",https://eur-lex.europa.eu/eli/reg/2024/1689/oj/eng#art_17,https://eur-lex.europa.eu/eli/reg/2024/1689/2026-07-27/eng#art_17
25,Responsibilities along the AI value chain,amended,637,465,176,Regulation (EU) 2026/1744 (Digital Omnibus on AI),32026R1744,2026-07-27,"[{""op"": ""delete"", ""before"": ""That initial provider shall closely cooperate with new providers and shall make available the necessary information and provide the reasonably expected technical access and other assistance that are required for the fulfilment of the obligations set out in this Regulation, in particular regarding the compliance with the conformity assessment of high-risk AI systems. This paragraph shall not apply in cases where the initial provider has clearly specified that its AI system is not to be changed into a high-risk AI system and therefore does not fall under the obligation to hand over the documenta"", ""after"": """"}, {""op"": ""insert"", ""before"": """", ""after"": ""AI model,""}, {""op"": ""delete"", ""before"": ""The AI Office may develop and recommend voluntary model terms for contracts between providers of high-risk AI systems and third parties that supply tools, services, components or processes that are used for or integrated into high-risk AI systems. When developing those voluntary model terms, the AI Office shall take into account possible contractual requirements applicable in specific sectors or business cases. The voluntary model terms shall be published and be available free of charge in an easily usable electronic format."", ""after"": """"}]",https://eur-lex.europa.eu/eli/reg/2024/1689/oj/eng#art_25,https://eur-lex.europa.eu/eli/reg/2024/1689/2026-07-27/eng#art_25
26,Obligations of deployers of high-risk AI systems,amended,1150,759,391,Regulation (EU) 2026/1744 (Digital Omnibus on AI),32026R1744,2026-07-27,"[{""op"": ""delete"", ""before"": ""For deployers that are financial institutions subject to requirements regarding their internal governance, arrangements or processes under Union financial services law, the monitoring obligation set out in the first subparagraph shall be deemed to be fulfilled by complying with the rules on internal governance arrangements, processes and mechanisms pursuant to the relevant financial service law."", ""after"": """"}, {""op"": ""delete"", ""before"": ""Deployers that are financial institutions subject to requirements regarding their internal governance, arrangements or processes under Union financial services law shall maintain the logs as part of the documentation kept pursuant to the relevant Union financial service law."", ""after"": """"}, {""op"": ""delete"", ""before"": ""If the authorisation requested pursuant to the first subparagraph is rejected, the use of the post-remote biometric identification system linked to that requested authorisation shall be stopped with immediate effect and the personal data linked to the use of the high-risk AI system for which the authorisation was requested shall be deleted. In no case shall such high-risk AI system for post-remote biometric identification be used for law enforcement purposes in an untargeted way, without any link to a criminal offence, a criminal proceeding, a genuine and present or genuine and foreseeable thr"", ""after"": """"}]",https://eur-lex.europa.eu/eli/reg/2024/1689/oj/eng#art_26,https://eur-lex.europa.eu/eli/reg/2024/1689/2026-07-27/eng#art_26
27,Fundamental rights impact assessment for high-risk AI systems,amended,469,527,61,Regulation (EU) 2026/1744 (Digital Omnibus on AI),32026R1744,2026-07-27,"[{""op"": ""insert"", ""before"": """", ""after"": ""deployer may, when conducting the""}, {""op"": ""replace"", ""before"": ""Article shall complement"", ""after"": ""Article, include cross-references to the relevant sections of""}, {""op"": ""insert"", ""before"": """", ""after"": ""impact assessment or include relevant parts thereof in the fundamental rights""}, {""op"": ""insert"", ""before"": """", ""after"": ""This template shall, where relevant, give deployers the possibility to include cross-references to the relevant sections of the data protection impact assessment or include relevant parts thereof in the fundamental rights impact assessment pursuant to paragraph 4.""}]",https://eur-lex.europa.eu/eli/reg/2024/1689/oj/eng#art_27,https://eur-lex.europa.eu/eli/reg/2024/1689/2026-07-27/eng#art_27
28,Notifying authorities,amended,250,438,188,Regulation (EU) 2026/1744 (Digital Omnibus on AI),32026R1744,2026-07-27,"[{""op"": ""insert"", ""before"": """", ""after"": ""8. Notifying authorities designated pursuant to this Regulation that are responsible for AI systems covered by the Union harmonisation legislation listed in Section A of Annex I shall ensure that the conformity assessment body that applies for designation both pursuant to this Regulation and the Union harmonisation legislation listed in Section A of Annex I is provided with the possibility to submit a single application and undergoes a unified assessment procedure to be designated pursuant to this Regulation and Union harmonisation legislation listed in Section A of Annex I, where the relevant""}]",https://eur-lex.europa.eu/eli/reg/2024/1689/oj/eng#art_28,https://eur-lex.europa.eu/eli/reg/2024/1689/2026-07-27/eng#art_28
29,Application of a conformity assessment body for notification,amended,234,170,71,Regulation (EU) 2026/1744 (Digital Omnibus on AI),32026R1744,2026-07-27,"[{""op"": ""delete"", ""before"": ""Any valid document related to existing designations of the applicant notified body under any other Union harmonisation legislation shall be added."", ""after"": """"}, {""op"": ""replace"", ""before"": ""under"", ""after"": ""pursuant to""}, {""op"": ""insert"", ""before"": """", ""after"": ""and expedite""}, {""op"": ""delete"", ""before"": ""The notified body shall update the documentation referred to in paragraphs 2 and 3 of this Article whenever relevant changes occur, in order to enable the authority responsible for notified bodies to monitor and verify continuous compliance with all the requirements laid down in Article 31."", ""after"": """"}]",https://eur-lex.europa.eu/eli/reg/2024/1689/oj/eng#art_29,https://eur-lex.europa.eu/eli/reg/2024/1689/2026-07-27/eng#art_29
30,Notification procedure,amended,281,300,19,Regulation (EU) 2026/1744 (Digital Omnibus on AI),32026R1744,2026-07-27,"[{""op"": ""insert"", ""before"": """", ""after"": ""based on the list of codes, categories, and corresponding types of AI systems referred to in Annex XIV, and""}]",https://eur-lex.europa.eu/eli/reg/2024/1689/oj/eng#art_30,https://eur-lex.europa.eu/eli/reg/2024/1689/2026-07-27/eng#art_30
36,Changes to notifications,amended,1016,903,113,Regulation (EU) 2026/1744 (Digital Omnibus on AI),32026R1744,2026-07-27,"[{""op"": ""delete"", ""before"": ""For changes to the notification other than extensions of its scope, the procedures laid down in paragraphs (3) to (9) shall apply."", ""after"": """"}, {""op"": ""delete"", ""before"": ""In the circumstances referred to in the first subparagraph, the national competent authority of the Member State in which the provider of the system covered by the certificate has its place of business may extend the provisional validity of the certificates for additional periods of three months, which shall not exceed 12 months in total. The national competent authority or the notified body assuming the functions of the notified body affected by the change of designation shall immediately inform the Commission, the other Member States and the other notified bodies thereof."", ""after"": """"}]",https://eur-lex.europa.eu/eli/reg/2024/1689/oj/eng#art_36,https://eur-lex.europa.eu/eli/reg/2024/1689/2026-07-27/eng#art_36
40,Harmonised standards and standardisation deliverables,amended,412,295,117,Regulation (EU) 2026/1744 (Digital Omnibus on AI),32026R1744,2026-07-27,"[{""op"": ""delete"", ""before"": ""When issuing a standardisation request to European standardisation organisations, the Commission shall specify that standards have to be clear, consistent, including with the standards developed in the various sectors for products covered by the existing Union harmonisation legislation listed in Annex I, and aiming to ensure that high-risk AI systems or general-purpose AI models placed on the market or put into service in the Union meet the relevant requirements or obligations laid down in this Regulation. The Commission shall request the European standardisation organisations to provide evide"", ""after"": """"}]",https://eur-lex.europa.eu/eli/reg/2024/1689/oj/eng#art_40,https://eur-lex.europa.eu/eli/reg/2024/1689/2026-07-27/eng#art_40
41,Common specifications,amended,679,574,105,Regulation (EU) 2026/1744 (Digital Omnibus on AI),32026R1744,2026-07-27,"[{""op"": ""delete"", ""before"": ""(i) the request has not been accepted by any of the European standardisation organisations; or (ii) the harmonised standards addressing that request are not delivered within the deadline set in accordance with Article 10(1) of Regulation (EU) No 1025/2012; or (iii) the relevant harmonised standards insufficiently address fundamental rights concerns; or (iv) the harmonised standards do not comply with the request; and"", ""after"": """"}, {""op"": ""delete"", ""before"": ""When drafting the common specifications, the Commission shall consult the advisory forum referred to in Article 67. The implementing acts referred to in the first subparagraph of this paragraph shall be adopted in accordance with the examination procedure referred to in Article 98(2)."", ""after"": """"}]",https://eur-lex.europa.eu/eli/reg/2024/1689/oj/eng#art_41,https://eur-lex.europa.eu/eli/reg/2024/1689/2026-07-27/eng#art_41
42,Presumption of conformity with certain requirements,amended,120,165,45,Regulation (EU) 2026/1744 (Digital Omnibus on AI),32026R1744,2026-07-27,"[{""op"": ""insert"", ""before"": """", ""after"": ""3. Where high-risk AI systems fall within the scope of Regulation (EU) 2024/2847 and the conditions laid down in Article 12(1) of that Regulation are fulfilled, such systems shall be deemed to comply with the cybersecurity requirements set out in Article 15 of this Regulation.""}]",https://eur-lex.europa.eu/eli/reg/2024/1689/oj/eng#art_42,https://eur-lex.europa.eu/eli/reg/2024/1689/2026-07-27/eng#art_42
43,Conformity assessment,amended,803,437,428,Regulation (EU) 2026/1744 (Digital Omnibus on AI),32026R1744,2026-07-27,"[{""op"": ""delete"", ""before"": ""(a) harmonised standards referred to in Article 40 do not exist, and common specifications referred to in Article 41 are not available; (b) the provider has not applied, or has applied only part of, the harmonised standard; (c) the common specifications referred to in point (a) exist, but the provider has not applied them; (d) one or more of the harmonised standards referred to in point (a) has been published with a restriction, and only on the part of the standard that was restricted. In demonstrating the compliance of a high-risk AI system with the requirements set out in Section 2, the prov"", ""after"": """"}, {""op"": ""insert"", ""before"": """", ""after"": ""of the system""}, {""op"": ""replace"", ""before"": ""under those legal acts."", ""after"": ""in accordance with the relevant Union harmonisation legislation.""}, {""op"": ""replace"", ""before"": ""Points 4.3., 4.4., 4.5."", ""after"": ""Assessment of the quality management system set out in Article 17 shall also be undertaken,""}, {""op"": ""insert"", ""before"": """", ""after"": ""points 3, 4.3, 4.4. and 4.5,""}, {""op"": ""insert"", ""before"": """", ""after"": ""and point 5""}, {""op"": ""delete"", ""before"": ""also"", ""after"": """"}, {""op"": ""delete"", ""before"": ""For the purposes of that assessment, notified bodies which have been notified under those legal acts shall be entitled to control the conformity of the high-risk AI systems with the requirements set out in Section 2, provided that the compliance of those notified bodies with requirements laid down in Article 31(4), (5), (10) and (11) has been assessed in the context of the notification procedure under those legal acts. Where a legal act listed in Section A of Annex I enables the product manufacturer to opt out from a third-party conformity assessment, provided that that manufacturer has applie"", ""after"": """"}, {""op"": ""delete"", ""before"": ""For high-risk AI systems that continue to learn after being placed on the market or put into service, changes to the high-risk AI system and its performance that have been pre-determined by the provider at the moment of the initial conformity assessment and are part of the information contained in the technical documentation referred to in point 2(f) of Annex IV, shall not constitute a substantial modification."", ""after"": """"}]",https://eur-lex.europa.eu/eli/reg/2024/1689/oj/eng#art_43,https://eur-lex.europa.eu/eli/reg/2024/1689/2026-07-27/eng#art_43
44,Certificates,amended,231,214,17,Regulation (EU) 2026/1744 (Digital Omnibus on AI),32026R1744,2026-07-27,"[{""op"": ""delete"", ""before"": ""An appeal procedure against decisions of the notified bodies, including on conformity certificates issued, shall be available."", ""after"": """"}]",https://eur-lex.europa.eu/eli/reg/2024/1689/oj/eng#art_44,https://eur-lex.europa.eu/eli/reg/2024/1689/2026-07-27/eng#art_44
49,Registration,amended,344,313,31,Regulation (EU) 2026/1744 (Digital Omnibus on AI),32026R1744,2026-07-27,"[{""op"": ""delete"", ""before"": ""Only the Commission and national authorities referred to in Article 74(8) shall have access to the respective restricted sections of the EU database listed in the first subparagraph of this paragraph."", ""after"": """"}]",https://eur-lex.europa.eu/eli/reg/2024/1689/oj/eng#art_49,https://eur-lex.europa.eu/eli/reg/2024/1689/2026-07-27/eng#art_49
50,Transparency obligations for providers and deployers of certain AI systems,amended,707,647,131,Regulation (EU) 2026/1744 (Digital Omnibus on AI),32026R1744,2026-07-27,"[{""op"": ""delete"", ""before"": ""Deployers of an AI system that generates or manipulates text which is published with the purpose of informing the public on matters of public interest shall disclose that the text has been artificially generated or manipulated. This obligation shall not apply where the use is authorised by law to detect, prevent, investigate or prosecute criminal offences or where the AI-generated content has undergone a process of human review or editorial control and where a natural or legal person holds editorial responsibility for the publication of the content."", ""after"": """"}, {""op"": ""replace"", ""before"": ""AI Office"", ""after"": ""Commission""}, {""op"": ""replace"", ""before"": ""detection"", ""after"": ""detection, marking""}, {""op"": ""replace"", ""before"": ""Commission may adopt implementing acts"", ""after"": ""Commission, taking utmost account of the opinion of the Board, shall assess whether adherence""}, {""op"": ""delete"", ""before"": ""approve"", ""after"": """"}, {""op"": ""insert"", ""before"": """", ""after"": ""is adequate to ensure compliance with the obligations laid down in paragraphs 2 and 4 of this Article,""}, {""op"": ""replace"", ""before"": ""56 (6)."", ""after"": ""56(6).""}, {""op"": ""replace"", ""before"": ""is not adequate,"", ""after"": ""of practice to be inadequate,""}]",https://eur-lex.europa.eu/eli/reg/2024/1689/oj/eng#art_50,https://eur-lex.europa.eu/eli/reg/2024/1689/2026-07-27/eng#art_50
52,Procedure,amended,465,435,30,Regulation (EU) 2026/1744 (Digital Omnibus on AI),32026R1744,2026-07-27,"[{""op"": ""delete"", ""before"": ""The Commission is empowered to adopt delegated acts in accordance with Article 97 in order to amend Annex XIII by specifying and updating the criteria set out in that Annex."", ""after"": """"}]",https://eur-lex.europa.eu/eli/reg/2024/1689/oj/eng#art_52,https://eur-lex.europa.eu/eli/reg/2024/1689/2026-07-27/eng#art_52
53,Obligations for providers of general-purpose AI models,amended,579,535,44,Regulation (EU) 2026/1744 (Digital Omnibus on AI),32026R1744,2026-07-27,"[{""op"": ""delete"", ""before"": ""(i) enable providers of AI systems to have a good understanding of the capabilities and limitations of the general-purpose AI model and to comply with their obligations pursuant to this Regulation; and (ii) contain, at a minimum, the elements set out in Annex XII;"", ""after"": """"}]",https://eur-lex.europa.eu/eli/reg/2024/1689/oj/eng#art_53,https://eur-lex.europa.eu/eli/reg/2024/1689/2026-07-27/eng#art_53
56,Codes of practice,amended,690,572,137,Regulation (EU) 2026/1744 (Digital Omnibus on AI),32026R1744,2026-07-27,"[{""op"": ""replace"", ""before"": ""AI Office"", ""after"": ""Commission""}, {""op"": ""replace"", ""before"": ""AI Office and"", ""after"": ""Commission, taking utmost account of""}, {""op"": ""replace"", ""before"": ""Board"", ""after"": ""opinion of the Board,""}, {""op"": ""replace"", ""before"": ""They"", ""after"": ""The Commission""}, {""op"": ""replace"", ""before"": ""their"", ""after"": ""its""}, {""op"": ""delete"", ""before"": ""The Commission may, by way of an implementing act, approve a code of practice and give it a general validity within the Union. That implementing act shall be adopted in accordance with the examination procedure referred to in Article 98(2)."", ""after"": """"}, {""op"": ""delete"", ""before"": ""If, by 2 August 2025, a code of practice cannot be finalised, or if the AI Office deems it is not adequate following its assessment under paragraph 6 of this Article, the Commission may provide, by means of implementing acts, common rules for the implementation of the obligations provided for in Articles 53 and 55, including the issues set out in paragraph 2 of this Article. Those implementing acts shall be adopted in accordance with the examination procedure referred to in Article 98(2)."", ""after"": """"}]",https://eur-lex.europa.eu/eli/reg/2024/1689/oj/eng#art_56,https://eur-lex.europa.eu/eli/reg/2024/1689/2026-07-27/eng#art_56
57,AI regulatory sandboxes,amended,1332,1337,331,Regulation (EU) 2026/1744 (Digital Omnibus on AI),32026R1744,2026-07-27,"[{""op"": ""replace"", ""before"": ""2026."", ""after"": ""2027.""}, {""op"": ""delete"", ""before"": ""The obligation under the first subparagraph may also be fulfilled by participating in an existing sandbox in so far as that participation provides an equivalent level of national coverage for the participating Member States."", ""after"": """"}, {""op"": ""delete"", ""before"": ""also"", ""after"": """"}, {""op"": ""replace"", ""before"": ""agencies, and may exercise the roles and the tasks of"", ""after"": ""agencies. For this purpose, references to""}, {""op"": ""replace"", ""before"": ""accordance"", ""after"": ""this Chapter shall be construed as references to the European Data Protection Supervisor. 3a. The AI Office may establish an AI regulatory sandbox at Union level for AI systems covered by Article 75(1). For this purpose, references to national competent authorities in this Chapter shall be construed, where relevant, as references to the AI Office. That AI regulatory sandbox shall be implemented in close cooperation""}, {""op"": ""insert"", ""before"": """", ""after"": ""relevant competent authorities, in particular where compliance with Union legislation other than""}, {""op"": ""replace"", ""before"": ""Chapter."", ""after"": ""Regulation is supervised in the AI regulatory sandbox, and shall provide priority access to SMEs, including start-ups, and SMCs.""}, {""op"": ""replace"", ""before"": ""paragraph 1"", ""after"": ""this Article""}, {""op"": ""replace"", ""before"": ""authority."", ""after"": ""authorities, ensuring that appropriate safeguards are in place.""}, {""op"": ""insert"", ""before"": """", ""after"": ""Where applicable, the sandbox plan shall incorporate the real-world testing plan referred to in Articles 60 and 60a.""}, {""op"": ""delete"", ""before"": ""Upon request of the provider or prospective provider of the AI system, the competent authority shall provide a written proof of the activities successfully carried out in the sandbox. The competent authority shall also provide an exit report detailing the activities carried out in the sandbox and the related results and learning outcomes. Providers may use such documentation to demonstrate their compliance with this Regulation through the conformity assessment process or relevant market surveillance activities. In this regard, the exit reports and the written proof provided by the national com"", ""after"": """"}, {""op"": ""replace"", ""before"": ""start-ups."", ""after"": ""start-ups, and SMCs.""}, {""op"": ""replace"", ""before"": ""national"", ""after"": ""competent""}, {""op"": ""replace"", ""before"": ""authorities shall"", ""after"": ""authorities, the European Data Protection Supervisor and the AI Office, shall, as appropriate and within their respective competences,""}, {""op"": ""insert"", ""before"": """", ""after"": ""They may support the joint establishment and operation of AI regulatory sandboxes, including in different sectors, and exchange best practices on related matters.""}]",https://eur-lex.europa.eu/eli/reg/2024/1689/oj/eng#art_57,https://eur-lex.europa.eu/eli/reg/2024/1689/2026-07-27/eng#art_57
58,"Detailed arrangements for, and functioning of, AI regulatory sandboxes",amended,657,684,52,Regulation (EU) 2026/1744 (Digital Omnibus on AI),32026R1744,2026-07-27,"[{""op"": ""replace"", ""before"": ""operation"", ""after"": ""operation, governance,""}, {""op"": ""replace"", ""before"": ""The"", ""after"": ""Those""}, {""op"": ""replace"", ""before"": ""participants. Those implementing acts shall be adopted in accordance with"", ""after"": ""participants; (d)""}, {""op"": ""replace"", ""before"": ""examination procedure referred"", ""after"": ""detailed rules applicable""}, {""op"": ""replace"", ""before"": ""in"", ""after"": ""the governance of AI regulatory sandboxes covered pursuant to""}, {""op"": ""replace"", ""before"": ""98(2)."", ""after"": ""57, including as regards the involvement of and supervision by the competent data protection authorities, where relevant, and the coordination and cooperation at national and Union level.""}]",https://eur-lex.europa.eu/eli/reg/2024/1689/oj/eng#art_58,https://eur-lex.europa.eu/eli/reg/2024/1689/2026-07-27/eng#art_58
59,Further processing of personal data for developing certain AI systems in the public interest in the AI regulatory sandbox,amended,739,664,75,Regulation (EU) 2026/1744 (Digital Omnibus on AI),32026R1744,2026-07-27,"[{""op"": ""delete"", ""before"": ""(i) public safety and public health, including disease detection, diagnosis prevention, control and treatment and improvement of health care systems; (ii) a high level of protection and improvement of the quality of the environment, protection of biodiversity, protection against pollution, green transition measures, climate change mitigation and adaptation measures; (iii) energy sustainability; (iv) safety and resilience of transport systems and mobility, critical infrastructure and networks; (v) efficiency and quality of public administration and public services;"", ""after"": """"}]",https://eur-lex.europa.eu/eli/reg/2024/1689/oj/eng#art_59,https://eur-lex.europa.eu/eli/reg/2024/1689/2026-07-27/eng#art_59
60,Testing of high-risk AI systems in real world conditions outside AI regulatory sandboxes,amended,1218,1177,96,Regulation (EU) 2026/1744 (Digital Omnibus on AI),32026R1744,2026-07-27,"[{""op"": ""replace"", ""before"": ""III,"", ""after"": ""III or covered by Union harmonisation legislation listed in Section A of Annex I,""}, {""op"": ""delete"", ""before"": ""The Commission shall, by means of implementing acts, specify the detailed elements of the real-world testing plan. Those implementing acts shall be adopted in accordance with the examination procedure referred to in Article 98(2). This paragraph shall be without prejudice to Union or national law on the testing in real world conditions of high-risk AI systems related to products covered by Union harmonisation legislation listed in Annex I."", ""after"": """"}, {""op"": ""insert"", ""before"": """", ""after"": ""or covered by Union harmonisation legislation listed in Section A of Annex I""}, {""op"": ""insert"", ""before"": """", ""after"": ""high-risk""}]",https://eur-lex.europa.eu/eli/reg/2024/1689/oj/eng#art_60,https://eur-lex.europa.eu/eli/reg/2024/1689/2026-07-27/eng#art_60
60a,Testing of high-risk AI systems covered by Union harmonisation legislation listed in Section B of Annex I in real-world conditions outside AI regulatory sandboxes,inserted,0,414,414,Regulation (EU) 2026/1744 (Digital Omnibus on AI),32026R1744,2026-07-27,,,https://eur-lex.europa.eu/eli/reg/2024/1689/2026-07-27/eng#art_60a
63,Derogations for specific operators,amended,137,130,13,Regulation (EU) 2026/1744 (Digital Omnibus on AI),32026R1744,2026-07-27,"[{""op"": ""replace"", ""before"": ""Microenterprises within the meaning of Recommendation 2003/361/EC"", ""after"": ""SMEs, including start-ups,""}, {""op"": ""delete"", ""before"": ""of this Regulation"", ""after"": """"}, {""op"": ""replace"", ""before"": ""that Recommendation."", ""after"": ""Recommendation 2003/361/EC.""}, {""op"": ""replace"", ""before"": ""microenterprises,"", ""after"": ""SMEs,""}]",https://eur-lex.europa.eu/eli/reg/2024/1689/oj/eng#art_63,https://eur-lex.europa.eu/eli/reg/2024/1689/2026-07-27/eng#art_63
64,AI Office,amended,35,67,32,Regulation (EU) 2026/1744 (Digital Omnibus on AI),32026R1744,2026-07-27,"[{""op"": ""insert"", ""before"": """", ""after"": ""3. Without prejudice to the budgetary procedure, the AI Office shall be allocated adequate resources to effectively perform its duties and exercise its powers in relation to the enforcement of this Regulation.""}]",https://eur-lex.europa.eu/eli/reg/2024/1689/oj/eng#art_64,https://eur-lex.europa.eu/eli/reg/2024/1689/2026-07-27/eng#art_64
65,Establishment and structure of the European Artificial Intelligence Board,amended,446,374,72,Regulation (EU) 2026/1744 (Digital Omnibus on AI),32026R1744,2026-07-27,"[{""op"": ""delete"", ""before"": ""The standing sub-group for market surveillance should act as the administrative cooperation group (ADCO) for this Regulation within the meaning of Article 30 of Regulation (EU) 2019/1020. The Board may establish other standing or temporary sub-groups as appropriate for the purpose of examining specific issues. Where appropriate, representatives of the advisory forum referred to in Article 67 may be invited to such sub-groups or to specific meetings of those subgroups as observers."", ""after"": """"}]",https://eur-lex.europa.eu/eli/reg/2024/1689/oj/eng#art_65,https://eur-lex.europa.eu/eli/reg/2024/1689/2026-07-27/eng#art_65
66,Tasks of the Board,amended,868,664,204,Regulation (EU) 2026/1744 (Digital Omnibus on AI),32026R1744,2026-07-27,"[{""op"": ""delete"", ""before"": ""(i) on the development and application of codes of conduct and codes of practice pursuant to this Regulation, as well as of the Commission’s guidelines; (ii) the evaluation and review of this Regulation pursuant to Article 112, including as regards the serious incident reports referred to in Article 73, and the functioning of the EU database referred to in Article 71, the preparation of the delegated or implementing acts, and as regards possible alignments of this Regulation with the Union harmonisation legislation listed in Annex I; (iii) on technical specifications or existing standards rega"", ""after"": """"}]",https://eur-lex.europa.eu/eli/reg/2024/1689/oj/eng#art_66,https://eur-lex.europa.eu/eli/reg/2024/1689/2026-07-27/eng#art_66
68,Scientific panel of independent experts,amended,541,434,107,Regulation (EU) 2026/1744 (Digital Omnibus on AI),32026R1744,2026-07-27,"[{""op"": ""delete"", ""before"": ""The Commission, in consultation with the Board, shall determine the number of experts on the panel in accordance with the required needs and shall ensure fair gender and geographical representation."", ""after"": """"}, {""op"": ""delete"", ""before"": ""(i) alerting the AI Office of possible systemic risks at Union level of general-purpose AI models, in accordance with Article 90; (ii) contributing to the development of tools and methodologies for evaluating capabilities of general-purpose AI models and systems, including through benchmarks; (iii) providing advice on the classification of general-purpose AI models with systemic risk; (iv) providing advice on the classification of various general-purpose AI models and systems; (v) contributing to the development of tools and templates;"", ""after"": """"}]",https://eur-lex.europa.eu/eli/reg/2024/1689/oj/eng#art_68,https://eur-lex.europa.eu/eli/reg/2024/1689/2026-07-27/eng#art_68
69,Access to the pool of experts by the Member States,amended,145,111,49,Regulation (EU) 2026/1744 (Digital Omnibus on AI),32026R1744,2026-07-27,"[{""op"": ""replace"", ""before"": ""experts. The structure and"", ""after"": ""experts at a rate equivalent to""}, {""op"": ""replace"", ""before"": ""level of"", ""after"": ""remuneration""}, {""op"": ""replace"", ""before"": ""as well as"", ""after"": ""applicable to""}, {""op"": ""replace"", ""before"": ""scale and structure of recoverable costs shall be set out in"", ""after"": ""Commission pursuant to""}, {""op"": ""replace"", ""before"": ""68(1), taking into account the objectives of the adequate implementation of this Regulation, cost-effectiveness and the necessity of ensuring effective access to experts for all Member States."", ""after"": ""68(1).""}]",https://eur-lex.europa.eu/eli/reg/2024/1689/oj/eng#art_69,https://eur-lex.europa.eu/eli/reg/2024/1689/2026-07-27/eng#art_69
70,Designation of national competent authorities and single points of contact,amended,516,518,3,Regulation (EU) 2026/1744 (Digital Omnibus on AI),32026R1744,2026-07-27,"[{""op"": ""replace"", ""before"": ""SMEs"", ""after"": ""SMEs,""}, {""op"": ""insert"", ""before"": """", ""after"": ""and SMCs,""}]",https://eur-lex.europa.eu/eli/reg/2024/1689/oj/eng#art_70,https://eur-lex.europa.eu/eli/reg/2024/1689/2026-07-27/eng#art_70
72,Post-market monitoring by providers and post-market monitoring plan for high-risk AI systems,amended,337,263,99,Regulation (EU) 2026/1744 (Digital Omnibus on AI),32026R1744,2026-07-27,"[{""op"": ""replace"", ""before"": ""Commission"", ""after"": ""Commission, taking utmost account of the opinion of the Board,""}, {""op"": ""replace"", ""before"": ""an implementing act laying down detailed provisions establishing"", ""after"": ""guidance, including""}, {""op"": ""replace"", ""before"": ""template for"", ""after"": ""template, on""}, {""op"": ""delete"", ""before"": ""and the list of elements to be included in the plan"", ""after"": """"}, {""op"": ""replace"", ""before"": ""February 2026. That implementing act shall be adopted in accordance with the examination procedure referred to in Article 98(2)."", ""after"": ""September 2027.""}, {""op"": ""delete"", ""before"": ""The first subparagraph of this paragraph shall also apply to high-risk AI systems referred to in point 5 of Annex III placed on the market or put into service by financial institutions that are subject to requirements under Union financial services law regarding their internal governance, arrangements or processes."", ""after"": """"}]",https://eur-lex.europa.eu/eli/reg/2024/1689/oj/eng#art_72,https://eur-lex.europa.eu/eli/reg/2024/1689/2026-07-27/eng#art_72
73,Reporting of serious incidents,amended,639,556,83,Regulation (EU) 2026/1744 (Digital Omnibus on AI),32026R1744,2026-07-27,"[{""op"": ""delete"", ""before"": ""of the serious incident. The period for the reporting referred to in the first subparagraph shall take account of the severity"", ""after"": """"}, {""op"": ""delete"", ""before"": ""action. The provider shall cooperate with the competent authorities, and where relevant with the notified body concerned, during the investigations referred to in the first subparagraph, and shall not perform any investigation which involves altering the AI system concerned in a way which may affect any subsequent evaluation of the causes of the incident, prior to informing the competent authorities of such"", ""after"": """"}]",https://eur-lex.europa.eu/eli/reg/2024/1689/oj/eng#art_73,https://eur-lex.europa.eu/eli/reg/2024/1689/2026-07-27/eng#art_73
74,Market surveillance and control of AI systems in the Union market,amended,1042,928,114,Regulation (EU) 2026/1744 (Digital Omnibus on AI),32026R1744,2026-07-27,"[{""op"": ""delete"", ""before"": ""By derogation from the first subparagraph, and in appropriate circumstances, Member States may designate another relevant authority to act as a market surveillance authority, provided they ensure coordination with the relevant sectoral market surveillance authorities responsible for the enforcement of the Union harmonisation legislation listed in Annex I."", ""after"": """"}, {""op"": ""delete"", ""before"": ""Regulation. National market surveillance authorities supervising regulated credit institutions regulated under Directive 2013/36/EU, which are participating in the Single Supervisory Mechanism established by Regulation (EU) No 1024/2013, should report, without delay, to the European Central Bank any information identified in the course of their market surveillance activities that may be of potential interest for the prudential supervisory tasks of the European Central Bank specified in that"", ""after"": """"}]",https://eur-lex.europa.eu/eli/reg/2024/1689/oj/eng#art_74,https://eur-lex.europa.eu/eli/reg/2024/1689/2026-07-27/eng#art_74
75,Market surveillance and control of AI systems and mutual assistance,amended,282,961,725,Regulation (EU) 2026/1744 (Digital Omnibus on AI),32026R1744,2026-07-27,"[{""op"": ""replace"", ""before"": ""Where an"", ""after"": ""The""}, {""op"": ""replace"", ""before"": ""system is"", ""after"": ""Office shall be exclusively competent for the supervision and enforcement of the obligations under this Regulation in relation to the following AI systems: (a) AI systems""}, {""op"": ""delete"", ""before"": ""a"", ""after"": """"}, {""op"": ""replace"", ""before"": ""model, and"", ""after"": ""models where""}, {""op"": ""insert"", ""before"": """", ""after"": ""or by providers forming part of the same undertaking as that provider, with the exception of: (i) AI systems related to products covered by the Union harmonisation legislation listed in Annex I; (ii) AI systems referred to in point 2 of Annex III; (iii) AI systems provided by law enforcement authorities, border management authorities and financial institutions, insofar as those AI systems fall under Article 74(6); and (iv) AI systems referred to in point 8 of Annex III as regards the administration of justice; (b) AI systems that constitute or that are integrated into a very large online platf""}, {""op"": ""insert"", ""before"": """", ""after"": ""be assisted by the relevant market surveillance authority. 1d. Before taking a decision that would""}, {""op"": ""replace"", ""before"": ""powers to monitor and supervise compliance"", ""after"": ""the effect""}, {""op"": ""replace"", ""before"": ""that"", ""after"": ""prohibiting or restricting the""}, {""op"": ""replace"", ""before"": ""with obligations under this Regulation. To carry out its monitoring and supervision tasks,"", ""after"": ""being made available or put into service on a national market, or a decision to withdraw or recall the AI system from such market,""}, {""op"": ""replace"", ""before"": ""shall have all"", ""after"": ""shall, without undue delay, notify""}, {""op"": ""delete"", ""before"": ""powers of a"", ""after"": """"}, {""op"": ""replace"", ""before"": ""provided"", ""after"": ""competent""}, {""op"": ""insert"", ""before"": """", ""after"": ""that market of its intention to take such a decision. The AI Office shall consult the authorities involved""}, {""op"": ""insert"", ""before"": """", ""after"": ""the application of""}, {""op"": ""replace"", ""before"": ""Section"", ""after"": ""Regulation, where appropriate, on any matter relating to the application""}, {""op"": ""insert"", ""before"": """", ""after"": ""enforcement of this Regulation. 1e. The AI Office shall be responsible for conformity assessments and tests of AI systems referred to in paragraph 1 of this Article that are classified as high-risk and subject to a third-party conformity assessment pursuant to Article 43 before such AI systems are placed on the market or put into service. Those tests and assessments shall verify that the systems comply with the relevant requirements of this""}, {""op"": ""replace"", ""before"": ""(EU) 2019/1020."", ""after"": ""and may be placed on the market or put into service in the Union in accordance with this Regulation. The Commission shall entrust the performance of those tests or assessments to notified bodies designated in accordance with this Regulation, in which case the notified body shall act on behalf of the Commission. If a notified body to which the Commission has delegated tasks under this paragraph does not perform those tasks adequately, the Commission may withdraw the delegation with immediate effect.""}, {""op"": ""insert"", ""before"": """", ""after"": ""2a. Where a market surveillance authority has well-founded and sufficient reasons to suspect that a provider or a deployer of an AI system referred to in paragraph 1 of this Article has infringed this Regulation, it may request, through the relevant single point of contact designated in accordance with Article 70(2), the AI Office to assess the matter in order to take the necessary supervisory and enforcement measures to ensure prompt compliance with this Regulation. Such a request shall be duly reasoned and shall include at least: (a) the name of the provider or the deployer concerned; (b) a ""}]",https://eur-lex.europa.eu/eli/reg/2024/1689/oj/eng#art_75,https://eur-lex.europa.eu/eli/reg/2024/1689/2026-07-27/eng#art_75
75a,Supervisory and enforcement powers of the AI Office,inserted,0,655,655,Regulation (EU) 2026/1744 (Digital Omnibus on AI),32026R1744,2026-07-27,,,https://eur-lex.europa.eu/eli/reg/2024/1689/2026-07-27/eng#art_75a
75b,Commitments,inserted,0,142,142,Regulation (EU) 2026/1744 (Digital Omnibus on AI),32026R1744,2026-07-27,,,https://eur-lex.europa.eu/eli/reg/2024/1689/2026-07-27/eng#art_75b
75c,"Non-compliance, fines and periodic penalty payments",inserted,0,566,566,Regulation (EU) 2026/1744 (Digital Omnibus on AI),32026R1744,2026-07-27,,,https://eur-lex.europa.eu/eli/reg/2024/1689/2026-07-27/eng#art_75c
75d,Safeguards and further specification,inserted,0,297,297,Regulation (EU) 2026/1744 (Digital Omnibus on AI),32026R1744,2026-07-27,,,https://eur-lex.europa.eu/eli/reg/2024/1689/2026-07-27/eng#art_75d
77,Powers of authorities protecting fundamental rights and cooperation with market surveillance authorities,amended,272,411,180,Regulation (EU) 2026/1744 (Digital Omnibus on AI),32026R1744,2026-07-27,"[{""op"": ""delete"", ""before"": ""in relation to the use of high-risk AI systems referred to in Annex III"", ""after"": """"}, {""op"": ""insert"", ""before"": """", ""after"": ""information or""}, {""op"": ""replace"", ""before"": ""under"", ""after"": ""from the relevant market surveillance authority pursuant to""}, {""op"": ""insert"", ""before"": """", ""after"": ""machine-readable""}, {""op"": ""replace"", ""before"": ""when"", ""after"": ""by electronic means where""}, {""op"": ""insert"", ""before"": """", ""after"": ""information or""}, {""op"": ""replace"", ""before"": ""The"", ""after"": ""This Article is without prejudice to the competences, tasks, powers and independence of the relevant national public authorities or bodies under their mandates. 1a. Subject to the conditions specified in this Article, the market surveillance authority shall grant the""}, {""op"": ""insert"", ""before"": """", ""after"": ""referred to in paragraph 1 access to such information or documentation, including by requesting such information or documentation from the provider or the deployer, where necessary and without undue delay. 1b. Market surveillance authorities and public authorities or bodies referred to in paragraph 1""}, {""op"": ""replace"", ""before"": ""inform"", ""after"": ""cooperate closely and provide each other with""}, {""op"": ""replace"", ""before"": ""market surveillance authority"", ""after"": ""mutual assistance necessary to fulfil their respective mandates, with a view to ensuring the coherent application""}, {""op"": ""insert"", ""before"": """", ""after"": ""this Regulation and Union law protecting fundamental rights and streamlining procedures, while respecting their respective competences, tasks, powers and independence. This shall include, in particular, exchange of information where necessary for""}, {""op"": ""replace"", ""before"": ""Member State concerned"", ""after"": ""effective supervision or enforcement""}, {""op"": ""replace"", ""before"": ""any such request."", ""after"": ""this Regulation and the respective other Union legislation.""}]",https://eur-lex.europa.eu/eli/reg/2024/1689/oj/eng#art_77,https://eur-lex.europa.eu/eli/reg/2024/1689/2026-07-27/eng#art_77
78,Confidentiality,amended,552,458,99,Regulation (EU) 2026/1744 (Digital Omnibus on AI),32026R1744,2026-07-27,"[{""op"": ""replace"", ""before"": ""(57);"", ""after"": ""( 2 );""}, {""op"": ""delete"", ""before"": ""When the law enforcement, immigration or asylum authorities are providers of high-risk AI systems referred to in point 1, 6 or 7 of Annex III, the technical documentation referred to in Annex IV shall remain within the premises of those authorities. Those authorities shall ensure that the market surveillance authorities referred to in Article 74(8) and (9), as applicable, can, upon request, immediately access the documentation or obtain a copy thereof. Only staff of the market surveillance authority holding the appropriate level of security clearance shall be allowed to access that documentati"", ""after"": """"}]",https://eur-lex.europa.eu/eli/reg/2024/1689/oj/eng#art_78,https://eur-lex.europa.eu/eli/reg/2024/1689/2026-07-27/eng#art_78
79,Procedure at national level for dealing with AI systems presenting a risk,amended,836,693,143,Regulation (EU) 2026/1744 (Digital Omnibus on AI),32026R1744,2026-07-27,"[{""op"": ""delete"", ""before"": ""Where, in the course of that evaluation, the market surveillance authority or, where applicable the market surveillance authority in cooperation with the national public authority referred to in Article 77(1), finds that the AI system does not comply with the requirements and obligations laid down in this Regulation, it shall without undue delay require the relevant operator to take all appropriate corrective actions to bring the AI system into compliance, to withdraw the AI system from the market, or to recall it within a period the market surveillance authority may prescribe, and in any even"", ""after"": """"}]",https://eur-lex.europa.eu/eli/reg/2024/1689/oj/eng#art_79,https://eur-lex.europa.eu/eli/reg/2024/1689/2026-07-27/eng#art_79
95,Codes of conduct for voluntary application of specific requirements,amended,342,344,2,Regulation (EU) 2026/1744 (Digital Omnibus on AI),32026R1744,2026-07-27,"[{""op"": ""insert"", ""before"": """", ""after"": ""and SMCs,""}]",https://eur-lex.europa.eu/eli/reg/2024/1689/oj/eng#art_95,https://eur-lex.europa.eu/eli/reg/2024/1689/2026-07-27/eng#art_95
96,Guidelines from the Commission on the implementation of this Regulation,amended,240,213,136,Regulation (EU) 2026/1744 (Digital Omnibus on AI),32026R1744,2026-07-27,"[{""op"": ""replace"", ""before"": ""Article 25;"", ""after"": ""Articles 25 and 26;""}, {""op"": ""replace"", ""before"": ""(1). When issuing such guidelines,"", ""after"": ""(1); (g)""}, {""op"": ""replace"", ""before"": ""Commission shall pay particular attention"", ""after"": ""practical implementation of Article 8(2), Article 9(10) and Article 17(3) in accordance with the principle of complementarity and proportionality, with a view""}, {""op"": ""insert"", ""before"": """", ""after"": ""ensuring consistency, avoiding duplication and minimising additional burdens when complying with""}, {""op"": ""replace"", ""before"": ""needs"", ""after"": ""requirements""}, {""op"": ""replace"", ""before"": ""SMEs including start-ups, of local public authorities"", ""after"": ""this Regulation""}, {""op"": ""insert"", ""before"": """", ""after"": ""the requirements""}, {""op"": ""delete"", ""before"": ""sectors most likely to be affected by this Regulation. The guidelines referred to in the first subparagraph of this paragraph shall take due account of the generally acknowledged state of the art on AI, as well as of relevant harmonised standards and common specifications that are referred to in Articles 40 and 41, or of those harmonised standards or technical specifications that are set out pursuant to"", ""after"": """"}, {""op"": ""replace"", ""before"": ""law."", ""after"": ""legislation listed in Section A of Annex I; such guidelines shall be published by 1 August 2027.""}]",https://eur-lex.europa.eu/eli/reg/2024/1689/oj/eng#art_96,https://eur-lex.europa.eu/eli/reg/2024/1689/2026-07-27/eng#art_96
97,Exercise of the delegation,amended,405,443,39,Regulation (EU) 2026/1744 (Digital Omnibus on AI),32026R1744,2026-07-27,"[{""op"": ""insert"", ""before"": """", ""after"": ""power to adopt delegated acts referred to in Article 2(13) and Article 30(2) shall be conferred on the Commission for a period of five years from 27 July 2026. The""}, {""op"": ""replace"", ""before"": ""not"", ""after"": ""no""}, {""op"": ""insert"", ""before"": """", ""after"": ""2(13), Article""}, {""op"": ""insert"", ""before"": """", ""after"": ""Article 30(2),""}, {""op"": ""insert"", ""before"": """", ""after"": ""2(13), Article""}, {""op"": ""insert"", ""before"": """", ""after"": ""Article 30(2),""}]",https://eur-lex.europa.eu/eli/reg/2024/1689/oj/eng#art_97,https://eur-lex.europa.eu/eli/reg/2024/1689/2026-07-27/eng#art_97
99,Penalties,amended,853,903,53,Regulation (EU) 2026/1744 (Digital Omnibus on AI),32026R1744,2026-07-27,"[{""op"": ""insert"", ""before"": """", ""after"": ""administrative fines,""}, {""op"": ""replace"", ""before"": ""infringements"", ""after"": ""any infringement""}, {""op"": ""replace"", ""before"": ""They"", ""after"": ""The Member States""}, {""op"": ""insert"", ""before"": """", ""after"": ""SMCs, and""}, {""op"": ""replace"", ""before"": ""viability."", ""after"": ""viability when imposing penalties.""}, {""op"": ""insert"", ""before"": """", ""after"": ""(da) obligations of providers and operators pursuant to Article 25(2) and (4);""}, {""op"": ""insert"", ""before"": """", ""after"": ""is lower. 6a. In the case of SMCs, each fine referred to in paragraphs 4 and 5 shall be up to the percentages or amount referred therein, whichever""}]",https://eur-lex.europa.eu/eli/reg/2024/1689/oj/eng#art_99,https://eur-lex.europa.eu/eli/reg/2024/1689/2026-07-27/eng#art_99
100,"Administrative fines on Union institutions, bodies, offices and agencies",amended,533,535,4,Regulation (EU) 2026/1744 (Digital Omnibus on AI),32026R1744,2026-07-27,"[{""op"": ""replace"", ""before"": ""000."", ""after"": ""000 .""}, {""op"": ""replace"", ""before"": ""000."", ""after"": ""000 .""}]",https://eur-lex.europa.eu/eli/reg/2024/1689/oj/eng#art_100,https://eur-lex.europa.eu/eli/reg/2024/1689/2026-07-27/eng#art_100
101,Fines for providers of general-purpose AI models,amended,323,265,61,Regulation (EU) 2026/1744 (Digital Omnibus on AI),32026R1744,2026-07-27,"[{""op"": ""replace"", ""before"": ""000,"", ""after"": ""000 ,""}, {""op"": ""delete"", ""before"": ""In fixing the amount of the fine or periodic penalty payment, regard shall be had to the nature, gravity and duration of the infringement, taking due account of the principles of proportionality and appropriateness. The Commission shall also into account commitments made in accordance with Article 93(3) or made in relevant codes of practice in accordance with Article 56."", ""after"": """"}]",https://eur-lex.europa.eu/eli/reg/2024/1689/oj/eng#art_101,https://eur-lex.europa.eu/eli/reg/2024/1689/2026-07-27/eng#art_101
102,Amendment to Regulation (EC) No 300/2008,amended,67,69,3,Regulation (EU) 2026/1744 (Digital Omnibus on AI),32026R1744,2026-07-27,"[{""op"": ""replace"", ""before"": ""(*),"", ""after"": ""( *1 ),""}]",https://eur-lex.europa.eu/eli/reg/2024/1689/oj/eng#art_102,https://eur-lex.europa.eu/eli/reg/2024/1689/2026-07-27/eng#art_102
103,Amendment to Regulation (EU) No 167/2013,amended,63,65,3,Regulation (EU) 2026/1744 (Digital Omnibus on AI),32026R1744,2026-07-27,"[{""op"": ""replace"", ""before"": ""(*),"", ""after"": ""( *2 ),""}]",https://eur-lex.europa.eu/eli/reg/2024/1689/oj/eng#art_103,https://eur-lex.europa.eu/eli/reg/2024/1689/2026-07-27/eng#art_103
104,Amendment to Regulation (EU) No 168/2013,amended,63,65,3,Regulation (EU) 2026/1744 (Digital Omnibus on AI),32026R1744,2026-07-27,"[{""op"": ""replace"", ""before"": ""(*),"", ""after"": ""( *3 ),""}]",https://eur-lex.europa.eu/eli/reg/2024/1689/oj/eng#art_104,https://eur-lex.europa.eu/eli/reg/2024/1689/2026-07-27/eng#art_104
105,Amendment to Directive 2014/90/EU,amended,78,68,15,Regulation (EU) 2026/1744 (Digital Omnibus on AI),32026R1744,2026-07-27,"[{""op"": ""delete"", ""before"": ""In Article 8 of Directive 2014/90/EU, the following paragraph is added: ‘5."", ""after"": """"}, {""op"": ""replace"", ""before"": ""(*),"", ""after"": ""( *4 ),""}]",https://eur-lex.europa.eu/eli/reg/2024/1689/oj/eng#art_105,https://eur-lex.europa.eu/eli/reg/2024/1689/2026-07-27/eng#art_105
106,Amendment to Directive (EU) 2016/797,amended,69,58,16,Regulation (EU) 2026/1744 (Digital Omnibus on AI),32026R1744,2026-07-27,"[{""op"": ""delete"", ""before"": ""In Article 5 of Directive (EU) 2016/797, the following paragraph is added: ‘12."", ""after"": """"}, {""op"": ""replace"", ""before"": ""(*),"", ""after"": ""( *5 ),""}]",https://eur-lex.europa.eu/eli/reg/2024/1689/oj/eng#art_106,https://eur-lex.europa.eu/eli/reg/2024/1689/2026-07-27/eng#art_106
107,Amendment to Regulation (EU) 2018/858,amended,62,51,16,Regulation (EU) 2026/1744 (Digital Omnibus on AI),32026R1744,2026-07-27,"[{""op"": ""delete"", ""before"": ""In Article 5 of Regulation (EU) 2018/858 the following paragraph is added: ‘4."", ""after"": """"}, {""op"": ""replace"", ""before"": ""(*),"", ""after"": ""( *6 ),""}]",https://eur-lex.europa.eu/eli/reg/2024/1689/oj/eng#art_107,https://eur-lex.europa.eu/eli/reg/2024/1689/2026-07-27/eng#art_107
108,Amendments to Regulation (EU) 2018/1139,amended,385,328,62,Regulation (EU) 2026/1744 (Digital Omnibus on AI),32026R1744,2026-07-27,"[{""op"": ""replace"", ""before"": ""(*),"", ""after"": ""( *7 ),""}, {""op"": ""delete"", ""before"": ""(*) Regulation (EU) 2024/1689 of the European Parliament and of the Council of 13 June 2024 laying down harmonised rules on artificial intelligence and amending Regulations (EC) No 300/2008, (EU) No 167/2013, (EU) No 168/2013, (EU) 2018/858, (EU) 2018/1139 and (EU) 2019/2144 and Directives 2014/90/EU, (EU) 2016/797 and (EU) 2020/1828 (Artificial Intelligence Act) (OJ L, 2024/1689, 12.7.2024, ELI: http://data.europa.eu/eli/reg/2024/1689/oj).’;\"""", ""after"": """"}]",https://eur-lex.europa.eu/eli/reg/2024/1689/oj/eng#art_108,https://eur-lex.europa.eu/eli/reg/2024/1689/2026-07-27/eng#art_108
109,Amendment to Regulation (EU) 2019/2144,amended,63,52,16,Regulation (EU) 2026/1744 (Digital Omnibus on AI),32026R1744,2026-07-27,"[{""op"": ""delete"", ""before"": ""In Article 11 of Regulation (EU) 2019/2144, the following paragraph is added: ‘3."", ""after"": """"}, {""op"": ""replace"", ""before"": ""(*),"", ""after"": ""( *8 ),""}]",https://eur-lex.europa.eu/eli/reg/2024/1689/oj/eng#art_109,https://eur-lex.europa.eu/eli/reg/2024/1689/2026-07-27/eng#art_109
110,Amendment to Directive (EU) 2020/1828,amended,21,82,62,Regulation (EU) 2026/1744 (Digital Omnibus on AI),32026R1744,2026-07-27,"[{""op"": ""replace"", ""before"": ""(58),"", ""after"": ""( 3 ),""}, {""op"": ""insert"", ""before"": """", ""after"": ""(‘(68) Regulation (EU) 2024/1689 of the European Parliament and of the Council of 13 June 2024 laying down harmonised rules on artificial intelligence and amending Regulations (EC) No 300/2008, (EU) No 167/2013, (EU) No 168/2013, (EU) 2018/858, (EU) 2018/1139 and (EU) 2019/2144 and Directives 2014/90/EU, (EU) 2016/797 and (EU) 2020/1828 (Artificial Intelligence Act) (OJ L, 2024/1689, 12.7.2024, ELI: http://data.europa.eu/eli/reg/2024/1689/oj).’.""}]",https://eur-lex.europa.eu/eli/reg/2024/1689/oj/eng#art_110,https://eur-lex.europa.eu/eli/reg/2024/1689/2026-07-27/eng#art_110
111,AI systems already placed on the market or put into service and general-purpose AI models already placed on the marked,amended,256,265,110,Regulation (EU) 2026/1744 (Digital Omnibus on AI),32026R1744,2026-07-27,"[{""op"": ""delete"", ""before"": ""The requirements laid down in this Regulation shall be taken into account in the evaluation of each large-scale IT system established by the legal acts listed in Annex X to be undertaken as provided for in those legal acts and where those legal acts are replaced or amended."", ""after"": """"}, {""op"": ""replace"", ""before"": ""113(3),"", ""after"": ""113, third paragraph,""}, {""op"": ""replace"", ""before"": ""2 August 2026,"", ""after"": ""the date of application of Chapter III referred to in Article 113,""}, {""op"": ""replace"", ""before"": ""of"", ""after"": ""laid down in""}, {""op"": ""insert"", ""before"": """", ""after"": ""4. Providers of AI systems, including general-purpose AI systems, generating synthetic audio, image, video or text content, that have been placed on the market before 2 August 2026 shall take the necessary steps in order to comply with Article 50(2) by 2 December 2026.""}]",https://eur-lex.europa.eu/eli/reg/2024/1689/oj/eng#art_111,https://eur-lex.europa.eu/eli/reg/2024/1689/2026-07-27/eng#art_111
113,Entry into force and application,amended,85,158,83,Regulation (EU) 2026/1744 (Digital Omnibus on AI),32026R1744,2026-07-27,"[{""op"": ""replace"", ""before"": ""2025;"", ""after"": ""2025, with the exception of Article 5(1), first subparagraph, points (ba) and (bb), and Article 5(1a) and (1b) which shall apply from 2 December 2026;""}, {""op"": ""insert"", ""before"": """", ""after"": ""Chapter III, Sections 1, 2, and 3, with the exception of Article 6(5), shall apply from: (i) 2 December 2027 as regards AI systems classified as high-risk pursuant to Article 6(2) and Annex III; and (ii) 2 August 2028 as regards AI systems classified as high-risk pursuant to""}, {""op"": ""replace"", ""before"": ""the corresponding obligations in this Regulation"", ""after"": ""Annex I; (d) Articles 102 to 110""}, {""op"": ""replace"", ""before"": ""2 August 2027."", ""after"": ""27 July 2026.""}]",https://eur-lex.europa.eu/eli/reg/2024/1689/oj/eng#art_113,https://eur-lex.europa.eu/eli/reg/2024/1689/2026-07-27/eng#art_113
